<?xml version="1.0" encoding="UTF-8"?>
<project-private xmlns="http://www.netbeans.org/ns/project-private/1">
    <editor-bookmarks xmlns="http://www.netbeans.org/ns/editor-bookmarks/2" lastBookmarkId="0"/>
    <open-files xmlns="http://www.netbeans.org/ns/projectui-open-files/2">
        <group>
            <file>file:/D:/OOPproject/ProjectGinRummy/src/code/Bot.java</file>
            <file>file:/D:/OOPproject/ProjectGinRummy/src/code/GinRummy.java</file>
            <file>file:/D:/OOPproject/ProjectGinRummy/src/code/DrawPile.java</file>
            <file>file:/D:/OOPproject/ProjectGinRummy/src/code/Card.java</file>
            <file>file:/D:/OOPproject/ProjectGinRummy/src/code/Deck.java</file>
            <file>file:/D:/OOPproject/ProjectGinRummy/src/code/Player.java</file>
            <file>file:/D:/OOPproject/ProjectGinRummy/src/code/UpCard.java</file>
        </group>
    </open-files>
</project-private>
