<?xml version="1.0" encoding="UTF-8"?>
<project-private xmlns="http://www.netbeans.org/ns/project-private/1">
    <editor-bookmarks xmlns="http://www.netbeans.org/ns/editor-bookmarks/2" lastBookmarkId="0"/>
    <open-files xmlns="http://www.netbeans.org/ns/projectui-open-files/2">
        <group>
            <file>file:/C:/Users/parn/Documents/NetBeansProjects/sample/src/sample/scenePlayer1.java</file>
            <file>file:/C:/Users/parn/Documents/NetBeansProjects/sample/src/sample/Main.java</file>
            <file>file:/C:/Users/parn/Documents/NetBeansProjects/sample/src/sample/sceneMenuParn.java</file>
            <file>file:/C:/Users/parn/Documents/NetBeansProjects/sample/src/sample/SceneMenuParnController.java</file>
            <file>file:/C:/Users/parn/Documents/NetBeansProjects/sample/src/sample/scenePlayer1copy.fxml</file>
            <file>file:/C:/Users/parn/Documents/NetBeansProjects/sample/src/sample/ControllerCard.java</file>
            <file>file:/C:/Users/parn/Documents/NetBeansProjects/sample/src/sample/Card.java</file>
            <file>file:/C:/Users/parn/Documents/NetBeansProjects/sample/src/sample/scenePlayer1.fxml</file>
            <file>file:/C:/Users/parn/Documents/NetBeansProjects/sample/src/sample/sceneMenuParn.fxml</file>
            <file>file:/C:/Users/parn/Documents/NetBeansProjects/sample/src/sample/Player.java</file>
            <file>file:/C:/Users/parn/Documents/NetBeansProjects/sample/src/sample/sceneMenu.java</file>
            <file>file:/C:/Users/parn/Documents/NetBeansProjects/sample/src/sample/Game.java</file>
            <file>file:/C:/Users/parn/Documents/NetBeansProjects/sample/src/Glock/SlaveCardGame.java</file>
            <file>file:/C:/Users/parn/Documents/NetBeansProjects/sample/src/sample/Controller.java</file>
            <file>file:/C:/Users/parn/Documents/NetBeansProjects/sample/src/sample/sample.fxml</file>
        </group>
    </open-files>
</project-private>
